stage	cor	pvalue
Oocyte	-0.475776242711989	0
Sperm	-0.474375119364628	0
ZY	-0.295929710081298	0
2C	-0.258442034296749	0
4C	-0.358606526308213	0
8C	-0.301080660061711	0
Morula	-0.398555424949703	0
Blast	-0.396105045248351	0
