stage	cor	pvalue
Oocyte	-0.681056259146828	0
Sperm	-0.635108875070965	0
early_zygote	-0.575460199673452	0
late_zygote	-0.509155054701689	0
2C	-0.545499219928247	0
4C	-0.653231531656935	0
8C	-0.674596401478644	0
Morula	-0.694688256278449	0
Blast	-0.697615052858882	0
