stage	cor	pvalue
Oocyte	-0.624409624985802	0
Sperm	-0.506063975268178	0
early_zygote	-0.463313052719117	0
late_zygote	-0.491443375310461	0
2C	-0.525559782096477	0
4C	-0.629223310574496	0
8C	-0.633137971009672	0
Morula	-0.631658693340492	0
Blast	-0.653711558797562	0
