stage	cor	pvalue
2C	-0.443500465040861	0
4C	-0.560445270163552	0
8C	-0.529486382965675	0
Blast	-0.533257680843024	0
Morula	-0.555088626095558	0
Oocyte	-0.529924586308361	0
Sperm	-0.425397431326316	0
Zygote	-0.493247339582654	0
